<?xml version="1.0" encoding="UTF-8" standalone="no" ?>
<?xml-stylesheet href="rptstyle.xsl" type="text/xsl" ?>
<doc>
<title>Combinational Loop Report</title>
<text>SmartTime Version 11.8.1.12</text>
<text>Microsemi Corporation - Microsemi Libero Software Release Libero SoC v11.8 SP1 (Version 11.8.1.12)</text>
<text>Date: Fri Dec 08 20:33:27 2017
</text>
<table>
<header>
</header>
<row>
 <cell>Design</cell>
 <cell>SF2_MSS_sys</cell>
</row>
<row>
 <cell>Family</cell>
 <cell>SmartFusion2</cell>
</row>
<row>
 <cell>Die</cell>
 <cell>M2S010</cell>
</row>
<row>
 <cell>Package</cell>
 <cell>144 TQ</cell>
</row>
<row>
 <cell>Temperature Range</cell>
 <cell>0 - 85 C</cell>
</row>
<row>
 <cell>Voltage Range</cell>
 <cell>1.14 - 1.26 V</cell>
</row>
<row>
 <cell>Speed Grade</cell>
 <cell>STD</cell>
</row>
<row>
 <cell>Design State</cell>
 <cell>Pre-Layout</cell>
</row>
<row>
 <cell>Analysis Min Case</cell>
 <cell>BEST - 1.26 V - 0 C</cell>
</row>
<row>
 <cell>Analysis Max Case</cell>
 <cell>WORST - 1.14 V - 85 C</cell>
</row>
<row>
 <cell>Scenario for Timing Analysis</cell>
 <cell>place_and_route</cell>
</row>
</table>
<text></text>
<text></text>
<text></text>
<text>No combinational loops were detected in the design.</text>
</doc>
